1000000,2000000,31,"Aaron","Campbell","s1000000@example.edu"
1000001,2000001,31,"Mark","Anderson","s1000001@example.edu"
1000002,2000002,32,"Alexander","Gray","s1000002@example.edu"
1000003,2000003,32,"Betty","Guzman","s1000003@example.edu"
1000004,2000004,31,"Maria","Lewis","s1000004@example.edu"
1000005,2000005,32,"Raymond","Rivera","s1000005@example.edu"
1000006,2000006,31,"Thomas","Davis","s1000006@example.edu"
1000007,2000007,31,"Brenda","Sanders","s1000007@example.edu"
1000008,2000008,31,"David","Watson","s1000008@example.edu"
1000009,2000009,31,"Tyler","Hall","s1000009@example.edu"
1000010,2000010,31,"Melissa","Parker","s1000010@example.edu"
1000011,2000011,31,"Sharon","Cooper","s1000011@example.edu"
1000012,2000012,31,"Anna","Miller","s1000012@example.edu"
1000013,2000013,31,"Ruth","Robinson","s1000013@example.edu"
1000014,2000014,31,"Timothy","Hughes","s1000014@example.edu"
1000015,2000015,31,"Gregory","Morris","s1000015@example.edu"
1000016,2000016,31,"Stephanie","Flores","s1000016@example.edu"
1000017,2000017,32,"Patricia","Lane","s1000017@example.edu"
1000018,2000018,31,"Pamela","Walker","s1000018@example.edu"
1000019,2000019,32,"Joshua","Morris","s1000019@example.edu"
1000020,2000020,31,"Jerry","Moore","s1000020@example.edu"
1000021,2000021,32,"Maria","Reed","s1000021@example.edu"
1000022,2000022,32,"Douglas","Anderson","s1000022@example.edu"
1000023,2000023,31,"Robert","Cooper","s1000023@example.edu"
1000024,2000024,32,"Patricia","Parker","s1000024@example.edu"
1000025,2000025,31,"Ryan","Ward","s1000025@example.edu"
1000026,2000026,32,"Rebecca","Hall","s1000026@example.edu"
1000027,2000027,32,"Joshua","Moore","s1000027@example.edu"
1000028,2000028,31,"Kevin","Watson","s1000028@example.edu"

